"Имя пользователя","Количество отзывов"
"digitalartist","23"
"dronepilot","22"
"herbalistexpert","20"
"guitarteacher","19"
"stocktrader","19"
"fitnessguru","18"
"musicfan","18"
"bookworm2","18"
"beautyguru","18"
"outdoorlover","18"
"beautyblogger","18"
"selftaughtprogrammer","18"
"travelbug","17"
"fashionista","17"
"travelblogger","17"
"historybuff","17"
"linguist","17"
"guitarlegend","17"
"digitalmarketer","17"
"cryptocurrencytrader","17"
"fitgirl","16"
"poetwriter","16"
"fitnessinfluencer","16"
"gamingstreamer","16"
"standupcomed","16"
"cat123","15"
"musiclover","15"
"foodie97","15"
"healthnut","15"
"gamer123","15"
"fashiondesigner","15"
"artistpainter","15"
"adventurerjunkie","15"
"marketingwizard","15"
"illustratorgenius","15"
"travelblogger2","15"
"homebrewer","15"
"bookworm","14"
"craftmaster","14"
"skateboarder","14"
"politicsnerd","14"
"astrologer","14"
"yogimaster","14"
"techreviewguru","14"
"fashionstylist","14"
"authornovelist","14"
"yogaretreatorganizer","14"
"veganchef","14"
"artificialintelligenceengineer","14"
"sunset22","13"
"gamer456","13"
"adventureseeker","13"
"traveladdict","13"
"photogeek","13"
"guitarplayer","13"
"sportscoach","13"
"dancingqueen","13"
"skydiver","13"
"comedianfunny","13"
"photographygeek","13"
"antiquecollector","13"
"homeinteriordesigner","13"
"audiophile","13"
"diycrafter","13"
"sportsnutrition","13"
"ethicalhacker","13"
"sneakercollector","13"
"doglover","12"
"naturelover","12"
"techguru","12"
"foodblogger","12"
"filmmaking","12"
"sciencenerd","12"
"chessmaster","12"
"fitnesstrainer","12"
"handymanhero","12"
"artlover","11"
"sportsfan","11"
"gardener","11"
"petlover","11"
"writinggeek","11"
"poetlover","11"
"architectguru","11"
"writingmentor","11"
"artistsculptor","11"
"wildlifephotographer","11"
"graphicdesignguru","11"
"spiritualguide","11"
"artcritic","10"
"businessmogul","10"
"guitarhero","10"
"winelover","10"
"musicproducer","9"
"cyclingfan","9"
"entrepreneur","9"
"pokermaniac","9"
"funny3","8"
"moviebuff2","8"
"coffeelover","8"
"yogalover","8"
"medicalpro","8"
"environmentalist","8"
"yogiinstructor","8"
"chefextraordinaire","7"
"sailingexpert","7"
"gamergeek","6"
"musiccritic","6"
"moviebuff","4"
"dancerinstructor","4"
"carguru","3"
